[{"identifier":{"id":"esbenp.prettier-vscode","uuid":"96fa4707-6983-4489-b7c5-d5ffdfdcce90"},"version":"9.10.4","location":{"$mid":1,"path":"/c:/Users/IXbook/.vscode/extensions/esbenp.prettier-vscode-9.10.4","scheme":"file"},"relativeLocation":"esbenp.prettier-vscode-9.10.4","metadata":{"id":"96fa4707-6983-4489-b7c5-d5ffdfdcce90","publisherDisplayName":"Prettier","publisherId":"d16f4e39-2ffb-44e3-9c0d-79d873570e3a","isPreReleaseVersion":false,"targetPlatform":"undefined","updated":true,"preRelease":false,"installedTimestamp":1674060689881}},{"identifier":{"id":"hookyqr.beautify","uuid":"697255a9-3f36-44c8-b084-d3b91edfb23a"},"version":"1.5.0","location":{"$mid":1,"path":"/c:/Users/IXbook/.vscode/extensions/hookyqr.beautify-1.5.0","scheme":"file"},"relativeLocation":"hookyqr.beautify-1.5.0","metadata":{"id":"697255a9-3f36-44c8-b084-d3b91edfb23a","publisherId":"901b401e-7657-4a33-8c9a-0854c569607e","publisherDisplayName":"HookyQR"}},{"identifier":{"id":"monokai.theme-monokai-pro-vscode","uuid":"f5d7ffda-c1d6-4070-ba80-803c705a1ee6"},"version":"1.2.0","location":{"$mid":1,"path":"/c:/Users/IXbook/.vscode/extensions/monokai.theme-monokai-pro-vscode-1.2.0","scheme":"file"},"relativeLocation":"monokai.theme-monokai-pro-vscode-1.2.0","metadata":{"id":"f5d7ffda-c1d6-4070-ba80-803c705a1ee6","publisherId":"f1aa9b60-e034-4838-a0dc-4a6a074cf48e","publisherDisplayName":"monokai","targetPlatform":"undefined","updated":true,"isPreReleaseVersion":false,"preRelease":false,"installedTimestamp":1674060684765}},{"identifier":{"id":"ms-vscode.js-debug-companion","uuid":"99cb0b7f-7354-4278-b8da-6cc79972169d"},"version":"1.0.18","location":{"$mid":1,"path":"/c:/Users/IXbook/.vscode/extensions/ms-vscode.js-debug-companion-1.0.18","scheme":"file"},"relativeLocation":"ms-vscode.js-debug-companion-1.0.18","metadata":{"id":"99cb0b7f-7354-4278-b8da-6cc79972169d","publisherId":"5f5636e7-69ed-4afe-b5d6-8d231fb3d3ee","publisherDisplayName":"Microsoft","targetPlatform":"undefined","isBuiltin":true,"isSystem":true,"updated":true,"isPreReleaseVersion":false,"preRelease":false,"installedTimestamp":1651559676415}},{"identifier":{"id":"msjsdiag.debugger-for-chrome","uuid":"1ec62ca5-d7f9-4ddb-a882-e8d018c0aefd"},"version":"4.13.0","location":{"$mid":1,"path":"/c:/Users/IXbook/.vscode/extensions/msjsdiag.debugger-for-chrome-4.13.0","scheme":"file"},"relativeLocation":"msjsdiag.debugger-for-chrome-4.13.0","metadata":{"id":"1ec62ca5-d7f9-4ddb-a882-e8d018c0aefd","publisherId":"ecde0778-6fe5-4f72-93a7-196989f19e58","publisherDisplayName":"Microsoft","isPreReleaseVersion":false,"preRelease":false,"installedTimestamp":1648220576818}},{"identifier":{"id":"ritwickdey.liveserver","uuid":"b63c44fd-0457-4696-99e9-dbfdf70d77de"},"version":"5.7.9","location":{"$mid":1,"path":"/c:/Users/IXbook/.vscode/extensions/ritwickdey.liveserver-5.7.9","scheme":"file"},"relativeLocation":"ritwickdey.liveserver-5.7.9","metadata":{"id":"b63c44fd-0457-4696-99e9-dbfdf70d77de","publisherId":"17fd9a78-e430-4a78-add2-ade4a8830352","publisherDisplayName":"Ritwick Dey","targetPlatform":"undefined","updated":true,"isPreReleaseVersion":false,"preRelease":false,"installedTimestamp":1676400863004}},{"identifier":{"id":"wayou.vscode-todo-highlight","uuid":"97a08c5f-6667-4242-a5c5-045dfb6bd4b9"},"version":"1.0.5","location":{"$mid":1,"path":"/c:/Users/IXbook/.vscode/extensions/wayou.vscode-todo-highlight-1.0.5","scheme":"file"},"relativeLocation":"wayou.vscode-todo-highlight-1.0.5","metadata":{"id":"97a08c5f-6667-4242-a5c5-045dfb6bd4b9","publisherId":"47daa402-5396-4346-b7bd-62494d6d63ec","publisherDisplayName":"Wayou Liu","targetPlatform":"undefined","updated":false,"isPreReleaseVersion":false,"preRelease":false,"installedTimestamp":1648745748889}}]